file,width,height,gpu_ms
img_0000.pgm,512,512,0.109376
img_0001.pgm,512,512,0.07904
img_0002.pgm,512,512,0.078048
img_0003.pgm,512,512,0.080128
img_0004.pgm,512,512,0.070144
img_0005.pgm,512,512,0.0784
img_0006.pgm,512,512,0.076864
img_0007.pgm,512,512,0.076928
img_0008.pgm,512,512,0.077568
img_0009.pgm,512,512,0.077504
img_0010.pgm,512,512,0.076896
img_0011.pgm,512,512,0.078016
img_0012.pgm,512,512,0.078656
img_0013.pgm,512,512,0.076736
img_0014.pgm,512,512,0.0768
img_0015.pgm,512,512,0.077504
img_0016.pgm,512,512,0.077824
img_0017.pgm,512,512,0.078304
img_0018.pgm,512,512,0.078112
img_0019.pgm,512,512,0.076768
img_0020.pgm,512,512,0.076352
img_0021.pgm,512,512,0.077888
img_0022.pgm,512,512,0.07648
img_0023.pgm,512,512,0.076736
img_0024.pgm,512,512,0.077344
img_0025.pgm,512,512,0.078304
img_0026.pgm,512,512,0.07616
img_0027.pgm,512,512,0.077408
img_0028.pgm,512,512,0.07728
img_0029.pgm,512,512,0.0704
img_0030.pgm,512,512,0.076352
img_0031.pgm,512,512,0.076704
img_0032.pgm,512,512,0.078656
img_0033.pgm,512,512,0.077568
img_0034.pgm,512,512,0.07648
img_0035.pgm,512,512,0.076992
img_0036.pgm,512,512,0.076544
img_0037.pgm,512,512,0.077408
img_0038.pgm,512,512,0.077152
img_0039.pgm,512,512,0.077504
img_0040.pgm,512,512,0.0776
img_0041.pgm,512,512,0.077856
img_0042.pgm,512,512,0.076224
img_0043.pgm,512,512,0.076832
img_0044.pgm,512,512,0.07856
img_0045.pgm,512,512,0.077152
img_0046.pgm,512,512,0.076672
img_0047.pgm,512,512,0.069472
img_0048.pgm,512,512,0.077472
img_0049.pgm,512,512,0.076768
img_0050.pgm,512,512,0.076768
img_0051.pgm,512,512,0.078112
img_0052.pgm,512,512,0.076736
img_0053.pgm,512,512,0.077216
img_0054.pgm,512,512,0.076448
img_0055.pgm,512,512,0.076992
img_0056.pgm,512,512,0.078976
img_0057.pgm,512,512,0.07648
img_0058.pgm,512,512,0.07616
img_0059.pgm,512,512,0.07744
img_0060.pgm,512,512,0.07664
img_0061.pgm,512,512,0.069664
img_0062.pgm,512,512,0.077696
img_0063.pgm,512,512,0.077408
img_0064.pgm,512,512,0.076256
img_0065.pgm,512,512,0.077088
img_0066.pgm,512,512,0.077824
img_0067.pgm,512,512,0.06976
img_0068.pgm,512,512,0.076544
img_0069.pgm,512,512,0.078592
img_0070.pgm,512,512,0.075008
img_0071.pgm,512,512,0.07824
img_0072.pgm,512,512,0.077312
img_0073.pgm,512,512,0.076864
img_0074.pgm,512,512,0.07616
img_0075.pgm,512,512,0.0696
img_0076.pgm,512,512,0.077664
img_0077.pgm,512,512,0.069248
img_0078.pgm,512,512,0.07696
img_0079.pgm,512,512,0.06992
img_0080.pgm,512,512,0.077664
img_0081.pgm,512,512,0.078048
img_0082.pgm,512,512,0.075648
img_0083.pgm,512,512,0.07744
img_0084.pgm,512,512,0.069344
img_0085.pgm,512,512,0.069152
img_0086.pgm,512,512,0.07648
img_0087.pgm,512,512,0.0776
img_0088.pgm,512,512,0.077248
img_0089.pgm,512,512,0.07744
img_0090.pgm,512,512,0.076576
img_0091.pgm,512,512,0.076896
img_0092.pgm,512,512,0.077728
img_0093.pgm,512,512,0.07632
img_0094.pgm,512,512,0.077056
img_0095.pgm,512,512,0.076928
img_0096.pgm,512,512,0.077088
img_0097.pgm,512,512,0.068992
img_0098.pgm,512,512,0.076832
img_0099.pgm,512,512,0.078144
img_0100.pgm,512,512,0.07712
img_0101.pgm,512,512,0.07744
img_0102.pgm,512,512,0.077024
img_0103.pgm,512,512,0.080128
img_0104.pgm,512,512,0.08064
img_0105.pgm,512,512,0.072384
img_0106.pgm,512,512,0.084288
img_0107.pgm,512,512,0.082912
img_0108.pgm,512,512,0.086976
img_0109.pgm,512,512,0.079328
img_0110.pgm,512,512,0.074688
img_0111.pgm,512,512,0.0704
img_0112.pgm,512,512,0.075808
img_0113.pgm,512,512,0.077728
img_0114.pgm,512,512,0.075392
img_0115.pgm,512,512,0.076576
img_0116.pgm,512,512,0.076384
img_0117.pgm,512,512,0.076256
img_0118.pgm,512,512,0.075264
img_0119.pgm,512,512,0.076448
img_0120.pgm,512,512,0.084768
img_0121.pgm,512,512,0.077824
img_0122.pgm,512,512,0.082624
img_0123.pgm,512,512,0.076128
img_0124.pgm,512,512,0.07152
img_0125.pgm,512,512,0.07072
img_0126.pgm,512,512,0.072512
img_0127.pgm,512,512,0.069568
img_0128.pgm,512,512,0.073472
img_0129.pgm,512,512,0.08912
img_0130.pgm,512,512,0.085248
img_0131.pgm,512,512,0.092288
img_0132.pgm,512,512,0.080192
img_0133.pgm,512,512,0.078208
img_0134.pgm,512,512,0.071808
img_0135.pgm,512,512,0.077344
img_0136.pgm,512,512,0.079584
img_0137.pgm,512,512,0.071488
img_0138.pgm,512,512,0.070528
img_0139.pgm,512,512,0.072832
img_0140.pgm,512,512,0.072096
img_0141.pgm,512,512,0.079456
img_0142.pgm,512,512,0.078368
img_0143.pgm,512,512,0.07264
img_0144.pgm,512,512,0.079008
img_0145.pgm,512,512,0.069856
img_0146.pgm,512,512,0.079584
img_0147.pgm,512,512,0.069792
img_0148.pgm,512,512,0.077344
img_0149.pgm,512,512,0.079072
img_0150.pgm,512,512,0.077056
img_0151.pgm,512,512,0.078848
img_0152.pgm,512,512,0.070176
img_0153.pgm,512,512,0.07856
img_0154.pgm,512,512,0.077472
img_0155.pgm,512,512,0.0776
img_0156.pgm,512,512,0.078176
img_0157.pgm,512,512,0.077664
img_0158.pgm,512,512,0.077248
img_0159.pgm,512,512,0.077632
img_0160.pgm,512,512,0.069248
img_0161.pgm,512,512,0.077664
img_0162.pgm,512,512,0.077184
img_0163.pgm,512,512,0.078112
img_0164.pgm,512,512,0.078432
img_0165.pgm,512,512,0.076768
img_0166.pgm,512,512,0.077504
img_0167.pgm,512,512,0.070944
img_0168.pgm,512,512,0.07648
img_0169.pgm,512,512,0.078528
img_0170.pgm,512,512,0.07776
img_0171.pgm,512,512,0.072768
img_0172.pgm,512,512,0.06976
img_0173.pgm,512,512,0.07776
img_0174.pgm,512,512,0.072192
img_0175.pgm,512,512,0.07776
img_0176.pgm,512,512,0.077824
img_0177.pgm,512,512,0.07616
img_0178.pgm,512,512,0.071712
img_0179.pgm,512,512,0.077824
img_0180.pgm,512,512,0.072224
img_0181.pgm,512,512,0.078656
img_0182.pgm,512,512,0.077152
img_0183.pgm,512,512,0.088224
img_0184.pgm,512,512,0.0688
img_0185.pgm,512,512,0.076128
img_0186.pgm,512,512,0.078432
img_0187.pgm,512,512,0.069856
img_0188.pgm,512,512,0.078464
img_0189.pgm,512,512,0.071648
img_0190.pgm,512,512,0.069632
img_0191.pgm,512,512,0.078496
img_0192.pgm,512,512,0.068576
img_0193.pgm,512,512,0.075008
img_0194.pgm,512,512,0.07232
img_0195.pgm,512,512,0.075712
img_0196.pgm,512,512,0.071552
img_0197.pgm,512,512,0.079264
img_0198.pgm,512,512,0.069952
img_0199.pgm,512,512,0.076864
